PRAGMA foreign_keys=OFF;
BEGIN TRANSACTION;
CREATE TABLE IF NOT EXISTS "migrations" ("id" integer primary key autoincrement not null, "migration" varchar not null, "batch" integer not null);
INSERT INTO migrations VALUES(1,'0001_01_01_000000_create_users_table',1);
INSERT INTO migrations VALUES(2,'2026_04_14_144999_create_cache_table',1);
INSERT INTO migrations VALUES(3,'2026_04_14_145000_create_jobs_table',1);
INSERT INTO migrations VALUES(4,'2026_04_14_161106_create_personal_access_tokens_table',1);
INSERT INTO migrations VALUES(5,'2026_04_17_133618_create_booking_table',1);
INSERT INTO migrations VALUES(6,'2026_04_17_135146_create_room_types_table',1);
INSERT INTO migrations VALUES(7,'2026_04_17_135231_create_amenities_table',1);
INSERT INTO migrations VALUES(8,'2026_04_17_135251_create_payments_table',1);
INSERT INTO migrations VALUES(9,'2026_04_17_135355_create_guests_table',1);
INSERT INTO migrations VALUES(10,'2026_04_17_135630_create_rooms_table',1);
INSERT INTO migrations VALUES(11,'2026_04_17_140151_create_booking_room_table',1);
INSERT INTO migrations VALUES(12,'2026_04_17_144951_create_amenity_room_table',1);
INSERT INTO migrations VALUES(13,'2026_04_18_123836_create_guest_orders_table',1);
INSERT INTO migrations VALUES(14,'2026_04_18_174852_create_guest_order_items_table',1);
INSERT INTO migrations VALUES(15,'2026_04_21_044321_create_galleries_table',1);
INSERT INTO migrations VALUES(16,'2026_04_22_080110_create_team_members_table',1);
INSERT INTO migrations VALUES(17,'2026_04_22_130223_create_amenity_booking_table',1);
CREATE TABLE IF NOT EXISTS "users" ("id" integer primary key autoincrement not null, "name" varchar not null, "email" varchar not null, "email_verified_at" datetime, "password" varchar not null, "role" varchar not null default 'staff', "remember_token" varchar, "created_at" datetime, "updated_at" datetime);
CREATE TABLE IF NOT EXISTS "password_reset_tokens" ("email" varchar not null, "token" varchar not null, "created_at" datetime, primary key ("email"));
CREATE TABLE IF NOT EXISTS "sessions" ("id" varchar not null, "user_id" integer, "ip_address" varchar, "user_agent" text, "payload" text not null, "last_activity" integer not null, primary key ("id"));
INSERT INTO sessions VALUES('bCFrdkIAt2rPKeFg8ugYZ0KPD68nGTplDi5YQ45S',NULL,'127.0.0.1','Mozilla/5.0 (Windows NT 10.0; Win64; x64) AppleWebKit/537.36 (KHTML, like Gecko) Chrome/147.0.0.0 Safari/537.36','eyJfdG9rZW4iOiJKdkdNWm1VNGpidnM4RkVocjkzY3hJTTJiRjdjVEFpRGtSa3RXYU5WIiwiX3ByZXZpb3VzIjp7InVybCI6Imh0dHA6XC9cLzEyNy4wLjAuMTo4MDAwIiwicm91dGUiOiJob21lIn0sIl9mbGFzaCI6eyJvbGQiOltdLCJuZXciOltdfSwidGFibGVzIjp7ImM3NGQ1NzFmNjFlMmI2ZDIwZjI4MjQ5YjU1MzQ5ZWQwX2NvbHVtbnMiOlt7InR5cGUiOiJjb2x1bW4iLCJuYW1lIjoiZ3Vlc3QubmFtZSIsImxhYmVsIjoiR3Vlc3QiLCJpc0hpZGRlbiI6ZmFsc2UsImlzVG9nZ2xlZCI6dHJ1ZSwiaXNUb2dnbGVhYmxlIjpmYWxzZSwiaXNUb2dnbGVkSGlkZGVuQnlEZWZhdWx0IjpudWxsfSx7InR5cGUiOiJjb2x1bW4iLCJuYW1lIjoidXNlcl9pZCIsImxhYmVsIjoiVXNlciBpZCIsImlzSGlkZGVuIjpmYWxzZSwiaXNUb2dnbGVkIjp0cnVlLCJpc1RvZ2dsZWFibGUiOmZhbHNlLCJpc1RvZ2dsZWRIaWRkZW5CeURlZmF1bHQiOm51bGx9LHsidHlwZSI6ImNvbHVtbiIsIm5hbWUiOiJzdGF0dXMiLCJsYWJlbCI6IlN0YXR1cyIsImlzSGlkZGVuIjpmYWxzZSwiaXNUb2dnbGVkIjp0cnVlLCJpc1RvZ2dsZWFibGUiOmZhbHNlLCJpc1RvZ2dsZWRIaWRkZW5CeURlZmF1bHQiOm51bGx9LHsidHlwZSI6ImNvbHVtbiIsIm5hbWUiOiJjcmVhdGVkX2F0IiwibGFiZWwiOiJDcmVhdGVkIGF0IiwiaXNIaWRkZW4iOmZhbHNlLCJpc1RvZ2dsZWQiOmZhbHNlLCJpc1RvZ2dsZWFibGUiOnRydWUsImlzVG9nZ2xlZEhpZGRlbkJ5RGVmYXVsdCI6dHJ1ZX0seyJ0eXBlIjoiY29sdW1uIiwibmFtZSI6InVwZGF0ZWRfYXQiLCJsYWJlbCI6IlVwZGF0ZWQgYXQiLCJpc0hpZGRlbiI6ZmFsc2UsImlzVG9nZ2xlZCI6ZmFsc2UsImlzVG9nZ2xlYWJsZSI6dHJ1ZSwiaXNUb2dnbGVkSGlkZGVuQnlEZWZhdWx0Ijp0cnVlfV0sImU4OGY0MjhhNDFlMzIxM2Y5ZjQ2MjA0ODdmMjNjYzU2X2NvbHVtbnMiOlt7InR5cGUiOiJjb2x1bW4iLCJuYW1lIjoiaW1hZ2UiLCJsYWJlbCI6IlBob3RvIiwiaXNIaWRkZW4iOmZhbHNlLCJpc1RvZ2dsZWQiOnRydWUsImlzVG9nZ2xlYWJsZSI6ZmFsc2UsImlzVG9nZ2xlZEhpZGRlbkJ5RGVmYXVsdCI6bnVsbH0seyJ0eXBlIjoiY29sdW1uIiwibmFtZSI6Im5hbWUiLCJsYWJlbCI6Ik5hbWUiLCJpc0hpZGRlbiI6ZmFsc2UsImlzVG9nZ2xlZCI6dHJ1ZSwiaXNUb2dnbGVhYmxlIjpmYWxzZSwiaXNUb2dnbGVkSGlkZGVuQnlEZWZhdWx0IjpudWxsfSx7InR5cGUiOiJjb2x1bW4iLCJuYW1lIjoiZGVwYXJ0bWVudCIsImxhYmVsIjoiRGVwYXJ0bWVudCIsImlzSGlkZGVuIjpmYWxzZSwiaXNUb2dnbGVkIjp0cnVlLCJpc1RvZ2dsZWFibGUiOmZhbHNlLCJpc1RvZ2dsZWRIaWRkZW5CeURlZmF1bHQiOm51bGx9LHsidHlwZSI6ImNvbHVtbiIsIm5hbWUiOiJzb3J0X29yZGVyIiwibGFiZWwiOiJPcmRlciIsImlzSGlkZGVuIjpmYWxzZSwiaXNUb2dnbGVkIjp0cnVlLCJpc1RvZ2dsZWFibGUiOmZhbHNlLCJpc1RvZ2dsZWRIaWRkZW5CeURlZmF1bHQiOm51bGx9LHsidHlwZSI6ImNvbHVtbiIsIm5hbWUiOiJjcmVhdGVkX2F0IiwibGFiZWwiOiJDcmVhdGVkIGF0IiwiaXNIaWRkZW4iOmZhbHNlLCJpc1RvZ2dsZWQiOmZhbHNlLCJpc1RvZ2dsZWFibGUiOnRydWUsImlzVG9nZ2xlZEhpZGRlbkJ5RGVmYXVsdCI6dHJ1ZX1dLCJkMjA2YmQ1NzRkYTQ4NDFlNDMwZjU0MWUyZDVkMTg2Y19jb2x1bW5zIjpbeyJ0eXBlIjoiY29sdW1uIiwibmFtZSI6InJvb21fbnVtYmVyIiwibGFiZWwiOiJSb29tICMiLCJpc0hpZGRlbiI6ZmFsc2UsImlzVG9nZ2xlZCI6dHJ1ZSwiaXNUb2dnbGVhYmxlIjpmYWxzZSwiaXNUb2dnbGVkSGlkZGVuQnlEZWZhdWx0IjpudWxsfSx7InR5cGUiOiJjb2x1bW4iLCJuYW1lIjoicm9vbVR5cGUubmFtZSIsImxhYmVsIjoiVHlwZSIsImlzSGlkZGVuIjpmYWxzZSwiaXNUb2dnbGVkIjp0cnVlLCJpc1RvZ2dsZWFibGUiOmZhbHNlLCJpc1RvZ2dsZWRIaWRkZW5CeURlZmF1bHQiOm51bGx9LHsidHlwZSI6ImNvbHVtbiIsIm5hbWUiOiJwcmljZV9wZXJfbmlnaHQiLCJsYWJlbCI6IlByaWNlIHBlciBuaWdodCIsImlzSGlkZGVuIjpmYWxzZSwiaXNUb2dnbGVkIjp0cnVlLCJpc1RvZ2dsZWFibGUiOmZhbHNlLCJpc1RvZ2dsZWRIaWRkZW5CeURlZmF1bHQiOm51bGx9LHsidHlwZSI6ImNvbHVtbiIsIm5hbWUiOiJmbG9vciIsImxhYmVsIjoiRmxvb3IiLCJpc0hpZGRlbiI6ZmFsc2UsImlzVG9nZ2xlZCI6dHJ1ZSwiaXNUb2dnbGVhYmxlIjpmYWxzZSwiaXNUb2dnbGVkSGlkZGVuQnlEZWZhdWx0IjpudWxsfSx7InR5cGUiOiJjb2x1bW4iLCJuYW1lIjoic3RhdHVzIiwibGFiZWwiOiJTdGF0dXMiLCJpc0hpZGRlbiI6ZmFsc2UsImlzVG9nZ2xlZCI6dHJ1ZSwiaXNUb2dnbGVhYmxlIjpmYWxzZSwiaXNUb2dnbGVkSGlkZGVuQnlEZWZhdWx0IjpudWxsfSx7InR5cGUiOiJjb2x1bW4iLCJuYW1lIjoidXBkYXRlZF9hdCIsImxhYmVsIjoiTGFzdCBBY3Rpdml0eSIsImlzSGlkZGVuIjpmYWxzZSwiaXNUb2dnbGVkIjpmYWxzZSwiaXNUb2dnbGVhYmxlIjp0cnVlLCJpc1RvZ2dsZWRIaWRkZW5CeURlZmF1bHQiOnRydWV9XSwiZmQ1OTE4NTNjODNlYzZiOTQ4NWE5MDhlNzUyNGNkMjNfY29sdW1ucyI6W3sidHlwZSI6ImNvbHVtbiIsIm5hbWUiOiJib29raW5nLmlkIiwibGFiZWwiOiJCb29raW5nIiwiaXNIaWRkZW4iOmZhbHNlLCJpc1RvZ2dsZWQiOnRydWUsImlzVG9nZ2xlYWJsZSI6ZmFsc2UsImlzVG9nZ2xlZEhpZGRlbkJ5RGVmYXVsdCI6bnVsbH0seyJ0eXBlIjoiY29sdW1uIiwibmFtZSI6ImFtb3VudCIsImxhYmVsIjoiQW1vdW50IiwiaXNIaWRkZW4iOmZhbHNlLCJpc1RvZ2dsZWQiOnRydWUsImlzVG9nZ2xlYWJsZSI6ZmFsc2UsImlzVG9nZ2xlZEhpZGRlbkJ5RGVmYXVsdCI6bnVsbH0seyJ0eXBlIjoiY29sdW1uIiwibmFtZSI6InBheW1lbnRfdHlwZSIsImxhYmVsIjoiUGF5bWVudCB0eXBlIiwiaXNIaWRkZW4iOmZhbHNlLCJpc1RvZ2dsZWQiOnRydWUsImlzVG9nZ2xlYWJsZSI6ZmFsc2UsImlzVG9nZ2xlZEhpZGRlbkJ5RGVmYXVsdCI6bnVsbH0seyJ0eXBlIjoiY29sdW1uIiwibmFtZSI6InR5cGUiLCJsYWJlbCI6IlR5cGUiLCJpc0hpZGRlbiI6ZmFsc2UsImlzVG9nZ2xlZCI6dHJ1ZSwiaXNUb2dnbGVhYmxlIjpmYWxzZSwiaXNUb2dnbGVkSGlkZGVuQnlEZWZhdWx0IjpudWxsfSx7InR5cGUiOiJjb2x1bW4iLCJuYW1lIjoicGF5bWVudF9tZXRob2QiLCJsYWJlbCI6IlBheW1lbnQgbWV0aG9kIiwiaXNIaWRkZW4iOmZhbHNlLCJpc1RvZ2dsZWQiOnRydWUsImlzVG9nZ2xlYWJsZSI6ZmFsc2UsImlzVG9nZ2xlZEhpZGRlbkJ5RGVmYXVsdCI6bnVsbH0seyJ0eXBlIjoiY29sdW1uIiwibmFtZSI6InN0YXR1cyIsImxhYmVsIjoiU3RhdHVzIiwiaXNIaWRkZW4iOmZhbHNlLCJpc1RvZ2dsZWQiOnRydWUsImlzVG9nZ2xlYWJsZSI6ZmFsc2UsImlzVG9nZ2xlZEhpZGRlbkJ5RGVmYXVsdCI6bnVsbH0seyJ0eXBlIjoiY29sdW1uIiwibmFtZSI6InBhaWRfYXQiLCJsYWJlbCI6IlBhaWQgYXQiLCJpc0hpZGRlbiI6ZmFsc2UsImlzVG9nZ2xlZCI6dHJ1ZSwiaXNUb2dnbGVhYmxlIjpmYWxzZSwiaXNUb2dnbGVkSGlkZGVuQnlEZWZhdWx0IjpudWxsfSx7InR5cGUiOiJjb2x1bW4iLCJuYW1lIjoiY3JlYXRlZF9hdCIsImxhYmVsIjoiQ3JlYXRlZCBhdCIsImlzSGlkZGVuIjpmYWxzZSwiaXNUb2dnbGVkIjpmYWxzZSwiaXNUb2dnbGVhYmxlIjp0cnVlLCJpc1RvZ2dsZWRIaWRkZW5CeURlZmF1bHQiOnRydWV9LHsidHlwZSI6ImNvbHVtbiIsIm5hbWUiOiJ1cGRhdGVkX2F0IiwibGFiZWwiOiJVcGRhdGVkIGF0IiwiaXNIaWRkZW4iOmZhbHNlLCJpc1RvZ2dsZWQiOmZhbHNlLCJpc1RvZ2dsZWFibGUiOnRydWUsImlzVG9nZ2xlZEhpZGRlbkJ5RGVmYXVsdCI6dHJ1ZX1dLCI0NTdiNDk5NDVhN2Q0ZGZiYjc5NzI1ZTI1ZjExODI3Zl9jb2x1bW5zIjpbeyJ0eXBlIjoiY29sdW1uIiwibmFtZSI6Im5hbWUiLCJsYWJlbCI6IkNhdGVnb3J5IE5hbWUiLCJpc0hpZGRlbiI6ZmFsc2UsImlzVG9nZ2xlZCI6dHJ1ZSwiaXNUb2dnbGVhYmxlIjpmYWxzZSwiaXNUb2dnbGVkSGlkZGVuQnlEZWZhdWx0IjpudWxsfSx7InR5cGUiOiJjb2x1bW4iLCJuYW1lIjoiY2F0ZWdvcnkiLCJsYWJlbCI6IkNhdGVnb3J5IiwiaXNIaWRkZW4iOmZhbHNlLCJpc1RvZ2dsZWQiOnRydWUsImlzVG9nZ2xlYWJsZSI6ZmFsc2UsImlzVG9nZ2xlZEhpZGRlbkJ5RGVmYXVsdCI6bnVsbH0seyJ0eXBlIjoiY29sdW1uIiwibmFtZSI6InJvb21zX2NvdW50IiwibGFiZWwiOiJVbml0c1wvU3BhY2VzIiwiaXNIaWRkZW4iOmZhbHNlLCJpc1RvZ2dsZWQiOnRydWUsImlzVG9nZ2xlYWJsZSI6ZmFsc2UsImlzVG9nZ2xlZEhpZGRlbkJ5RGVmYXVsdCI6bnVsbH0seyJ0eXBlIjoiY29sdW1uIiwibmFtZSI6ImRlc2NyaXB0aW9uIiwibGFiZWwiOiJEZXNjcmlwdGlvbiIsImlzSGlkZGVuIjpmYWxzZSwiaXNUb2dnbGVkIjp0cnVlLCJpc1RvZ2dsZWFibGUiOnRydWUsImlzVG9nZ2xlZEhpZGRlbkJ5RGVmYXVsdCI6ZmFsc2V9LHsidHlwZSI6ImNvbHVtbiIsIm5hbWUiOiJjcmVhdGVkX2F0IiwibGFiZWwiOiJDcmVhdGVkIGF0IiwiaXNIaWRkZW4iOmZhbHNlLCJpc1RvZ2dsZWQiOmZhbHNlLCJpc1RvZ2dsZWFibGUiOnRydWUsImlzVG9nZ2xlZEhpZGRlbkJ5RGVmYXVsdCI6dHJ1ZX1dfSwiZmlsYW1lbnQiOltdfQ==',1777308144);
CREATE TABLE IF NOT EXISTS "cache" ("key" varchar not null, "value" text not null, "expiration" integer not null, primary key ("key"));
INSERT INTO cache VALUES('laravel-cache-5c785c036466adea360111aa28563bfd556b5fba:timer','i:1777010865;',1777010865);
INSERT INTO cache VALUES('laravel-cache-5c785c036466adea360111aa28563bfd556b5fba','i:2;',1777010865);
CREATE TABLE IF NOT EXISTS "cache_locks" ("key" varchar not null, "owner" varchar not null, "expiration" integer not null, primary key ("key"));
CREATE TABLE IF NOT EXISTS "jobs" ("id" integer primary key autoincrement not null, "queue" varchar not null, "payload" text not null, "attempts" integer not null, "reserved_at" integer, "available_at" integer not null, "created_at" integer not null);
CREATE TABLE IF NOT EXISTS "personal_access_tokens" ("id" integer primary key autoincrement not null, "tokenable_type" varchar not null, "tokenable_id" integer not null, "name" text not null, "token" varchar not null, "abilities" text, "last_used_at" datetime, "expires_at" datetime, "created_at" datetime, "updated_at" datetime);
CREATE TABLE IF NOT EXISTS "bookings" ("id" integer primary key autoincrement not null, "booking_reference" varchar not null, "guest_id" integer not null, "user_id" integer, "status" varchar not null default 'pending', "booking_type" varchar not null default 'stay', "adults_count" integer not null default '1', "children_count" integer not null default '0', "checked_in_at" datetime not null, "checked_out_at" datetime, "actual_checked_in_at" datetime, "actual_checked_out_at" datetime, "total_price" numeric not null, "discount_amount" numeric not null default '0', "notes" text, "created_at" datetime, "updated_at" datetime, foreign key("guest_id") references "guests"("id") on delete cascade, foreign key("user_id") references "users"("id") on delete set null);
INSERT INTO bookings VALUES(1,'BK-8VB3QD',1,NULL,'checked_out','stay',1,0,'2026-04-23 00:00:00','2026-04-25 00:00:00',NULL,NULL,190000,0,NULL,'2026-04-23 06:06:16','2026-04-23 21:07:20');
INSERT INTO bookings VALUES(2,'BK-15Y6LX',2,NULL,'pending','stay',1,0,'2026-04-25 00:00:00','2026-04-26 00:00:00',NULL,NULL,125000,0,NULL,'2026-04-24 05:26:14','2026-04-24 05:26:14');
INSERT INTO bookings VALUES(3,'BK-LWD4KW',3,NULL,'pending','stay',1,0,'2026-04-25 00:00:00','2026-04-26 00:00:00',NULL,NULL,145000,0,NULL,'2026-04-24 06:20:37','2026-04-24 06:20:37');
CREATE TABLE IF NOT EXISTS "room_types" ("id" integer primary key autoincrement not null, "name" varchar not null, "category" varchar not null default 'stay', "description" text, "created_at" datetime, "updated_at" datetime);
INSERT INTO room_types VALUES(1,'Rare Room','stay',replace('Made up of two classic rooms and a massage room \n\nWhere each room has the following:\nA large bed\nWiFi\nTV\nWalldrop\nToilet','\n',char(10)),'2026-04-23 03:35:42','2026-04-27 15:18:31');
INSERT INTO room_types VALUES(2,'Rare Room Suit','stay',replace('Made up of a Single and large room which contains the following \n*  A large \n* WiFi \n* TV\n* Toilet\n* Office Table section \n* walldrop\n','\n',char(10)),'2026-04-23 03:41:54','2026-04-27 15:22:57');
INSERT INTO room_types VALUES(3,'Master Heritage','stay',NULL,'2026-04-23 06:46:04','2026-04-27 15:20:47');
INSERT INTO room_types VALUES(4,'Front Room','stay',NULL,'2026-04-23 06:46:34','2026-04-27 15:27:51');
INSERT INTO room_types VALUES(5,'North Lodge','stay',NULL,'2026-04-23 06:46:58','2026-04-27 15:23:36');
INSERT INTO room_types VALUES(6,'Bay Suit','stay',NULL,'2026-04-23 06:47:24','2026-04-23 06:47:24');
INSERT INTO room_types VALUES(7,'The Terraces','stay',NULL,'2026-04-23 06:47:40','2026-04-27 15:35:03');
INSERT INTO room_types VALUES(8,'Spa Corner','stay',NULL,'2026-04-23 06:48:16','2026-04-23 06:48:16');
INSERT INTO room_types VALUES(9,'Gym','facility',NULL,'2026-04-24 04:30:01','2026-04-24 04:30:01');
INSERT INTO room_types VALUES(10,'spa','facility',NULL,'2026-04-24 04:30:34','2026-04-24 04:30:34');
INSERT INTO room_types VALUES(11,'jacuzzi','stay',NULL,'2026-04-24 04:31:32','2026-04-24 04:31:32');
INSERT INTO room_types VALUES(12,'pool','facility',NULL,'2026-04-24 04:44:10','2026-04-24 04:44:10');
INSERT INTO room_types VALUES(13,'Yellow Room ','stay',NULL,'2026-04-27 15:25:09','2026-04-27 15:25:09');
INSERT INTO room_types VALUES(14,'Brown Room ','stay',NULL,'2026-04-27 15:25:36','2026-04-27 15:25:36');
INSERT INTO room_types VALUES(15,'Heritage Upstairs','stay',NULL,'2026-04-27 15:26:11','2026-04-27 15:26:11');
INSERT INTO room_types VALUES(16,'Rare Room .','stay',NULL,'2026-04-27 15:29:39','2026-04-27 15:29:39');
INSERT INTO room_types VALUES(17,'East Lodge','stay',NULL,'2026-04-27 15:37:51','2026-04-27 15:37:51');
INSERT INTO room_types VALUES(18,'The Suite','stay',NULL,'2026-04-27 15:39:13','2026-04-27 15:39:13');
CREATE TABLE IF NOT EXISTS "amenities" ("id" integer primary key autoincrement not null, "name" varchar not null, "description" text, "is_standalone" tinyint(1) not null default '0', "price" numeric not null default '0', "icon" varchar, "created_at" datetime, "updated_at" datetime);
INSERT INTO amenities VALUES(1,'TV','Flat screen smart TV',0,0,'heroicon-o-tv','2026-04-23 05:31:48','2026-04-23 07:15:31');
INSERT INTO amenities VALUES(2,'WiFi','Fast and Reliable',0,0,'heroicon-c-wifi','2026-04-23 07:16:51','2026-04-23 07:16:51');
INSERT INTO amenities VALUES(3,'Swimming Pool','Nice sharp , beautiful and compartible with everybody',1,10000,'heroicon-s-inbox','2026-04-23 07:19:23','2026-04-24 05:02:52');
INSERT INTO amenities VALUES(4,'walldrop','Big And Spacious',0,0,'heroicon-m-wallet','2026-04-23 07:20:32','2026-04-23 07:20:32');
INSERT INTO amenities VALUES(5,'Fan','Blows well',0,0,'heroicon-c-face-smile','2026-04-23 07:23:11','2026-04-23 07:23:11');
INSERT INTO amenities VALUES(6,'Air Condition ','Available 24/7',0,0,'heroicon-o-face-smile','2026-04-23 07:27:24','2026-04-23 07:27:24');
INSERT INTO amenities VALUES(7,'Office Table and Chair','Good for Workers',0,0,'heroicon-c-chart-bar','2026-04-23 07:29:13','2026-04-23 07:29:13');
INSERT INTO amenities VALUES(8,'Rest Room',NULL,0,0,'heroicon-c-rectangle-group','2026-04-23 07:31:24','2026-04-23 07:31:24');
INSERT INTO amenities VALUES(9,'Fridge',NULL,0,0,'heroicon-c-arrow-right-end-on-rectangle','2026-04-24 04:54:28','2026-04-24 04:54:28');
INSERT INTO amenities VALUES(10,'Heater',NULL,0,0,'heroicon-c-arrow-right-circle','2026-04-24 04:55:42','2026-04-24 04:55:42');
INSERT INTO amenities VALUES(11,'Gym equipments',NULL,0,0,'heroicon-c-adjustments-vertical','2026-04-24 04:57:23','2026-04-24 04:57:23');
INSERT INTO amenities VALUES(12,'Pool Equipments',NULL,0,0,'heroicon-c-archive-box','2026-04-24 04:58:13','2026-04-24 04:58:13');
INSERT INTO amenities VALUES(13,'Gym',NULL,1,10000,'heroicon-c-adjustments-vertical','2026-04-24 05:00:12','2026-04-24 05:01:55');
INSERT INTO amenities VALUES(14,'spa',NULL,1,5000,'heroicon-c-arrow-down-circle','2026-04-24 05:00:55','2026-04-24 05:00:55');
CREATE TABLE IF NOT EXISTS "payments" ("id" integer primary key autoincrement not null, "booking_id" integer not null, "amount" numeric not null, "payment_type" varchar not null default 'room_charge', "type" varchar not null, "payment_method" varchar not null, "status" varchar not null default 'completed', "paid_at" datetime, "created_at" datetime, "updated_at" datetime, foreign key("booking_id") references "bookings"("id") on delete cascade);
INSERT INTO payments VALUES(1,1,10000,'room_charge','booking','cash','partial','2026-04-23 06:10:57','2026-04-23 06:10:57','2026-04-23 06:10:57');
INSERT INTO payments VALUES(2,1,180000,'room_charge','total','cash','completed','2026-04-23 21:07:20','2026-04-23 21:07:20','2026-04-23 21:07:20');
CREATE TABLE IF NOT EXISTS "guests" ("id" integer primary key autoincrement not null, "name" varchar not null, "email" varchar, "phone" varchar not null, "address" text, "id_card_number" varchar, "created_at" datetime, "updated_at" datetime);
INSERT INTO guests VALUES(1,'Jeddr','Jo@fs','2322','lkslkfdsfs','32323243','2026-04-23 06:06:16','2026-04-23 06:06:16');
INSERT INTO guests VALUES(2,'oben','obynotiku@gmail.com','685273732','kumba','34567687889809','2026-04-24 05:26:14','2026-04-24 05:26:14');
INSERT INTO guests VALUES(3,'mr david','david@gmail.com','657577688','kumba','45576768787','2026-04-24 06:20:37','2026-04-24 06:20:37');
CREATE TABLE IF NOT EXISTS "rooms" ("id" integer primary key autoincrement not null, "room_type_id" integer not null, "room_number" varchar not null, "floor" integer not null default '1', "status" varchar not null default 'available', "is_occupied" tinyint(1) not null default '0', "pictures" text, "videos" text, "price_per_night" numeric not null, "created_at" datetime, "updated_at" datetime, foreign key("room_type_id") references "room_types"("id") on delete cascade);
INSERT INTO rooms VALUES(2,4,'South Tower Lodge ',0,'dirty',0,'["room-pictures\/01KPYTVS6VP9A8HHJ7P5FC9KYV.jpeg","room-pictures\/01KPYTVSMQ87Z1C48PK2SW2NA2.jpeg","room-pictures\/01KPYTVSNWM4KJZJM5HYSBM4H2.jpeg","room-pictures\/01KPYTVSQ1JDT37W348GDKAHS2.jpeg"]','[]',45000,'2026-04-23 05:57:11','2026-04-27 15:46:47');
INSERT INTO rooms VALUES(3,13,'HERITAGE',0,'available',1,'["room-pictures\/01KPYV1RYY12V4VC34YXNQ8SG5.jpeg","room-pictures\/01KPYV1SZNM10C2F4C3Q3XJ82G.jpeg","room-pictures\/01KPYV1T0BYFV3PQ2GR0000E7R.jpeg","room-pictures\/01KPYV1T0Z976DA3MN31ZB1WXJ.jpeg"]','[]',40000,'2026-04-24 04:13:00','2026-04-27 15:45:31');
INSERT INTO rooms VALUES(4,3,' Heritage ',0,'available',1,'["room-pictures\/01KPYV5KGD42S30KB0GF08XEQH.jpeg","room-pictures\/01KPYV5KJXZD9JS1CV3184DBXX.jpeg","room-pictures\/01KPYV5KKF1JH52R5T1QMCJT6K.jpeg","room-pictures\/01KPYV5KM0KJ5Y24SZ5BV2TEJ4.jpeg","room-pictures\/01KPYV5KMJWN4FTA3W8GA764YM.jpeg","room-pictures\/01KPYV5KN3K9TR60BPV24TN9E4.jpeg"]','[]',45000,'2026-04-24 04:15:05','2026-04-27 15:44:40');
INSERT INTO rooms VALUES(5,14,'HERITAGE.',1,'available',1,'["room-pictures\/01KPYV8H22BJJ71R8J3A9XGQMQ.jpeg","room-pictures\/01KPYV8HB6891RT9J35M6BDN48.jpeg"]','[]',60000,'2026-04-24 04:16:41','2026-04-27 15:48:29');
INSERT INTO rooms VALUES(6,15,'Heritage.',1,'available',0,'["room-pictures\/01KPYVB178GB71AGVHFYM7K954.jpeg"]','[]',70000,'2026-04-24 04:18:04','2026-04-27 15:49:49');
INSERT INTO rooms VALUES(7,6,'Bay Suit',0,'available',0,'["room-pictures\/01KPYVE7KZW1CKZE2K251ZTQ8J.jpeg"]','[]',55000,'2026-04-24 04:19:48','2026-04-27 15:02:58');
INSERT INTO rooms VALUES(8,5,'North Tower Lodge',1,'available',0,'["room-pictures\/01KPYVJ4BB7209GDKZ48K9DZ2C.jpeg","room-pictures\/01KPYVJ4EG79VKM9FRNHA7D9F6.jpeg","room-pictures\/01KPYVJ4F27EBS8SS8P7EM4A9R.jpeg","room-pictures\/01KPYVJ4FYSQ2X2NYX9C5F59G6.jpeg","room-pictures\/01KPYVJ4GXR07CH6FB0EZWBSR2.jpeg","room-pictures\/01KPYVJ4HW3W1SKX0M2B3EJ99K.jpeg","room-pictures\/01KPYVJ4JV9MAF1GHA2K1CH506.jpeg","room-pictures\/01KPYVJ4KR1WE5P3VC4HH9SVVH.jpeg","room-pictures\/01KPYVJ4MNK1RNKFV320WHBSJ6.jpeg"]','[]',100000,'2026-04-24 04:21:56','2026-04-27 15:50:41');
INSERT INTO rooms VALUES(9,4,'South Tower Lodge',1,'available',1,'["room-pictures\/01KPYVQYP3SPEVTAN5YMZK1PVF.jpeg","room-pictures\/01KPYVQYS8WY6WYWQSSR7K9TTR.jpeg","room-pictures\/01KPYVQYSTDGY7DZW9ZR724M51.jpeg","room-pictures\/01KPYVQYTKVN3NXQD5XK1BP13R.jpeg","room-pictures\/01KPYVQYVHY8Q418KWQZZBCZBP.jpeg","room-pictures\/01KPYVQYW47RZ4A54YHT1T5EBE.jpeg","room-pictures\/01KPYVQYX3AJRHNTSVVABBAG80.jpeg"]','[]',65000,'2026-04-24 04:25:06','2026-04-27 15:51:36');
INSERT INTO rooms VALUES(10,1,'South Tower lodge',1,'available',1,'["room-pictures\/01KPYVV9NJMNZDSV1CAWF6H3SK.jpeg","room-pictures\/01KPYVV9JR3D57NEEASDD219DN.jpeg","room-pictures\/01KPYVV9KRMKYSDT3F9468PFNT.jpeg","room-pictures\/01KPYVV9MMAGZJQM69C015SB8A.jpeg","room-pictures\/01KPYVV9PFWW7PA1PGKMTG43YM.jpeg","room-pictures\/01KPYVV9QEAWS3RCR1VGQQPR2Q.jpeg","room-pictures\/01KPYVV9RDBY1X2FY77Z4G3QD0.jpeg"]','[]',60000,'2026-04-24 04:26:56','2026-04-27 15:52:52');
INSERT INTO rooms VALUES(15,9,'North Tower Lodge.',1,'available',0,'["room-pictures\/01KPYX67BTNZMDQQ3V1HSRB042.jpeg","room-pictures\/01KPYX67VGHFVFJV9YRMXV3Y3J.jpeg","room-pictures\/01KPYX67WH3MN976BPK3GYWGC0.jpeg"]','[]',10000,'2026-04-24 04:50:23','2026-04-27 15:54:03');
INSERT INTO rooms VALUES(16,8,'North Tower Lodge..',1,'available',0,'["room-pictures\/01KPYXAMMEX3RNGAMDY4AVNNEE.jpeg","room-pictures\/01KPYXAMTM1JHBGQJR2BNC3SD2.jpeg","room-pictures\/01KPYXAMVR6J0SN7WEQ911KCA5.jpeg","room-pictures\/01KPYXAMWQN7PQK6Y9FCQ1HV83.jpeg","room-pictures\/01KPYXAMXPAPMBV18B8TRX0G1R.jpeg"]','[]',5000,'2026-04-24 04:52:47','2026-04-27 15:56:52');
CREATE TABLE IF NOT EXISTS "booking_room" ("id" integer primary key autoincrement not null, "booking_id" integer not null, "room_id" integer not null, "price_at_booking" numeric, "created_at" datetime, "updated_at" datetime, foreign key("booking_id") references "bookings"("id") on delete cascade, foreign key("room_id") references "rooms"("id") on delete cascade);
INSERT INTO booking_room VALUES(2,1,2,7992,'2026-04-23 06:06:16','2026-04-23 06:06:16');
INSERT INTO booking_room VALUES(3,2,9,65000,'2026-04-24 05:26:14','2026-04-24 05:26:14');
INSERT INTO booking_room VALUES(4,2,10,60000,'2026-04-24 05:26:14','2026-04-24 05:26:14');
INSERT INTO booking_room VALUES(5,3,3,40000,'2026-04-24 06:20:37','2026-04-24 06:20:37');
INSERT INTO booking_room VALUES(6,3,4,45000,'2026-04-24 06:20:37','2026-04-24 06:20:37');
INSERT INTO booking_room VALUES(7,3,5,60000,'2026-04-24 06:20:37','2026-04-24 06:20:37');
CREATE TABLE IF NOT EXISTS "amenity_room" ("id" integer primary key autoincrement not null, "amenity_id" integer not null, "room_id" integer not null, "created_at" datetime, "updated_at" datetime, foreign key("amenity_id") references "amenities"("id") on delete cascade, foreign key("room_id") references "rooms"("id") on delete cascade);
INSERT INTO amenity_room VALUES(2,1,2,NULL,NULL);
INSERT INTO amenity_room VALUES(11,6,2,NULL,NULL);
INSERT INTO amenity_room VALUES(12,5,2,NULL,NULL);
INSERT INTO amenity_room VALUES(13,7,2,NULL,NULL);
INSERT INTO amenity_room VALUES(14,8,2,NULL,NULL);
INSERT INTO amenity_room VALUES(15,3,2,NULL,NULL);
INSERT INTO amenity_room VALUES(16,2,2,NULL,NULL);
INSERT INTO amenity_room VALUES(17,4,2,NULL,NULL);
INSERT INTO amenity_room VALUES(18,6,3,NULL,NULL);
INSERT INTO amenity_room VALUES(19,5,3,NULL,NULL);
INSERT INTO amenity_room VALUES(20,7,3,NULL,NULL);
INSERT INTO amenity_room VALUES(21,8,3,NULL,NULL);
INSERT INTO amenity_room VALUES(22,3,3,NULL,NULL);
INSERT INTO amenity_room VALUES(23,1,3,NULL,NULL);
INSERT INTO amenity_room VALUES(24,2,3,NULL,NULL);
INSERT INTO amenity_room VALUES(25,4,3,NULL,NULL);
INSERT INTO amenity_room VALUES(26,6,4,NULL,NULL);
INSERT INTO amenity_room VALUES(27,5,4,NULL,NULL);
INSERT INTO amenity_room VALUES(28,7,4,NULL,NULL);
INSERT INTO amenity_room VALUES(29,8,4,NULL,NULL);
INSERT INTO amenity_room VALUES(30,3,4,NULL,NULL);
INSERT INTO amenity_room VALUES(31,1,4,NULL,NULL);
INSERT INTO amenity_room VALUES(32,2,4,NULL,NULL);
INSERT INTO amenity_room VALUES(33,4,4,NULL,NULL);
INSERT INTO amenity_room VALUES(34,6,5,NULL,NULL);
INSERT INTO amenity_room VALUES(35,5,5,NULL,NULL);
INSERT INTO amenity_room VALUES(36,7,5,NULL,NULL);
INSERT INTO amenity_room VALUES(37,8,5,NULL,NULL);
INSERT INTO amenity_room VALUES(38,3,5,NULL,NULL);
INSERT INTO amenity_room VALUES(39,1,5,NULL,NULL);
INSERT INTO amenity_room VALUES(40,2,5,NULL,NULL);
INSERT INTO amenity_room VALUES(41,4,5,NULL,NULL);
INSERT INTO amenity_room VALUES(42,6,6,NULL,NULL);
INSERT INTO amenity_room VALUES(43,5,6,NULL,NULL);
INSERT INTO amenity_room VALUES(44,7,6,NULL,NULL);
INSERT INTO amenity_room VALUES(45,8,6,NULL,NULL);
INSERT INTO amenity_room VALUES(46,3,6,NULL,NULL);
INSERT INTO amenity_room VALUES(47,1,6,NULL,NULL);
INSERT INTO amenity_room VALUES(48,2,6,NULL,NULL);
INSERT INTO amenity_room VALUES(49,4,6,NULL,NULL);
INSERT INTO amenity_room VALUES(50,6,7,NULL,NULL);
INSERT INTO amenity_room VALUES(51,5,7,NULL,NULL);
INSERT INTO amenity_room VALUES(52,7,7,NULL,NULL);
INSERT INTO amenity_room VALUES(53,8,7,NULL,NULL);
INSERT INTO amenity_room VALUES(54,3,7,NULL,NULL);
INSERT INTO amenity_room VALUES(55,1,7,NULL,NULL);
INSERT INTO amenity_room VALUES(56,2,7,NULL,NULL);
INSERT INTO amenity_room VALUES(57,4,7,NULL,NULL);
INSERT INTO amenity_room VALUES(58,6,8,NULL,NULL);
INSERT INTO amenity_room VALUES(59,5,8,NULL,NULL);
INSERT INTO amenity_room VALUES(60,7,8,NULL,NULL);
INSERT INTO amenity_room VALUES(61,8,8,NULL,NULL);
INSERT INTO amenity_room VALUES(62,3,8,NULL,NULL);
INSERT INTO amenity_room VALUES(63,1,8,NULL,NULL);
INSERT INTO amenity_room VALUES(64,2,8,NULL,NULL);
INSERT INTO amenity_room VALUES(65,4,8,NULL,NULL);
INSERT INTO amenity_room VALUES(66,6,9,NULL,NULL);
INSERT INTO amenity_room VALUES(67,5,9,NULL,NULL);
INSERT INTO amenity_room VALUES(68,7,9,NULL,NULL);
INSERT INTO amenity_room VALUES(69,8,9,NULL,NULL);
INSERT INTO amenity_room VALUES(70,3,9,NULL,NULL);
INSERT INTO amenity_room VALUES(71,1,9,NULL,NULL);
INSERT INTO amenity_room VALUES(72,2,9,NULL,NULL);
INSERT INTO amenity_room VALUES(73,4,9,NULL,NULL);
INSERT INTO amenity_room VALUES(74,6,10,NULL,NULL);
INSERT INTO amenity_room VALUES(75,5,10,NULL,NULL);
INSERT INTO amenity_room VALUES(76,7,10,NULL,NULL);
INSERT INTO amenity_room VALUES(77,8,10,NULL,NULL);
INSERT INTO amenity_room VALUES(78,3,10,NULL,NULL);
INSERT INTO amenity_room VALUES(79,1,10,NULL,NULL);
INSERT INTO amenity_room VALUES(80,2,10,NULL,NULL);
INSERT INTO amenity_room VALUES(81,4,10,NULL,NULL);
INSERT INTO amenity_room VALUES(99,6,16,NULL,NULL);
INSERT INTO amenity_room VALUES(100,5,16,NULL,NULL);
INSERT INTO amenity_room VALUES(101,2,16,NULL,NULL);
INSERT INTO amenity_room VALUES(102,10,3,NULL,NULL);
INSERT INTO amenity_room VALUES(103,13,3,NULL,NULL);
INSERT INTO amenity_room VALUES(104,9,3,NULL,NULL);
INSERT INTO amenity_room VALUES(105,9,2,NULL,NULL);
INSERT INTO amenity_room VALUES(106,10,2,NULL,NULL);
INSERT INTO amenity_room VALUES(107,8,16,NULL,NULL);
INSERT INTO amenity_room VALUES(108,1,16,NULL,NULL);
CREATE TABLE IF NOT EXISTS "guest_orders" ("id" integer primary key autoincrement not null, "booking_id" integer not null, "payment_id" integer, "total_amount" numeric not null default '0', "status" varchar not null default 'pending', "created_at" datetime, "updated_at" datetime, foreign key("booking_id") references "bookings"("id") on delete cascade, foreign key("payment_id") references "payments"("id") on delete set null);
CREATE TABLE IF NOT EXISTS "guest_order_items" ("id" integer primary key autoincrement not null, "guest_order_id" integer not null, "item_name" varchar not null, "category" varchar, "quantity" integer not null default '1', "unit_price" numeric not null, "total_price" numeric not null, "created_at" datetime, "updated_at" datetime, foreign key("guest_order_id") references "guest_orders"("id") on delete cascade);
CREATE TABLE IF NOT EXISTS "galleries" ("id" integer primary key autoincrement not null, "title" varchar not null, "type" varchar check ("type" in ('image', 'video')) not null default 'image', "url" varchar not null, "thumbnail" varchar, "room_type_id" integer, "description" text, "is_active" tinyint(1) not null default '1', "sort_order" integer not null default '0', "created_at" datetime, "updated_at" datetime, foreign key("room_type_id") references "room_types"("id") on delete set null);
INSERT INTO galleries VALUES(2,'Twin beds ','image','gallery/01KPWCP0FT3Y42PBJX1H4PCQF7.jpeg',NULL,2,'Good for a family with children ',1,0,'2026-04-23 05:23:25','2026-04-24 05:56:26');
INSERT INTO galleries VALUES(4,'West Lodge','image','gallery/01KPWHAE0300MM6Q3V627ZF4AM.jpeg',NULL,1,NULL,1,1,'2026-04-23 06:44:29','2026-04-24 05:57:22');
INSERT INTO galleries VALUES(5,'Spa ','image','gallery/01KPWHMQQQ4G16DEZSXABFC7YZ.jpeg',NULL,5,NULL,1,0,'2026-04-23 06:50:07','2026-04-24 05:57:51');
INSERT INTO galleries VALUES(6,'Large Room ','image','gallery/01KPWHQNMF643C9763E2AHA231.jpeg',NULL,5,NULL,1,1,'2026-04-23 06:51:43','2026-04-24 05:58:21');
INSERT INTO galleries VALUES(7,'Gym Corner','image','gallery/01KPWHWDPCMWBTP0NNVZJNK3GM.jpeg',NULL,5,NULL,1,1,'2026-04-23 06:54:19','2026-04-24 05:58:51');
INSERT INTO galleries VALUES(8,'Gym','image','gallery/01KPWHY4BAT95RCSKQRPTQ98TM.jpeg',NULL,5,NULL,1,1,'2026-04-23 06:55:14','2026-04-24 05:59:21');
INSERT INTO galleries VALUES(9,'Partial View','video','gallery/videos/01KPWJ2YYN823PWA4ZQ56M1RWK.mp4','gallery/thumbnails/01KPWJ2ZH1CYDQZBGRMBJQ2ADE.jpeg',3,NULL,1,0,'2026-04-23 06:57:53','2026-04-23 06:57:53');
INSERT INTO galleries VALUES(10,'Night pool view','image','gallery/01KPZ1DY51C6ZM3BG1KVN2G1BC.jpeg',NULL,12,NULL,1,0,'2026-04-24 06:04:31','2026-04-24 06:04:31');
INSERT INTO galleries VALUES(11,'wide Night Pool View','image','gallery/01KPZ1GQWKN3JHJ1A47Q3ZPMXV.jpeg',NULL,12,NULL,1,0,'2026-04-24 06:06:01','2026-04-24 06:06:01');
INSERT INTO galleries VALUES(12,'South Tower Lodge Room 1 Bed view','image','gallery/01KPZ1NTTZTW5G3XDYGX3V8SND.jpeg',NULL,4,NULL,1,0,'2026-04-24 06:08:48','2026-04-24 06:08:48');
CREATE TABLE IF NOT EXISTS "team_members" ("id" integer primary key autoincrement not null, "name" varchar not null, "role" varchar not null, "department" varchar not null, "bio" text, "image" varchar, "sort_order" integer not null default '0', "created_at" datetime, "updated_at" datetime);
INSERT INTO team_members VALUES(1,'Mrs Okumo Therese','General Manger','Management','Over 6years of Experience ','team-members/01KPZ0HSFEC78RQ7DAXFS28JHZ.jpeg',0,'2026-04-23 07:34:57','2026-04-24 05:49:07');
INSERT INTO team_members VALUES(2,'Mr Emmanuel Kobi','Assistant Manager','Management','over 4years of experience','team-members/01KPZ07FX6V0DKZ6RGD2ZEFMGA.jpeg',1,'2026-04-23 07:36:23','2026-04-24 05:43:29');
INSERT INTO team_members VALUES(3,'Mrs Susan','Cook','Operations','over 8years of experience',NULL,5,'2026-04-23 07:37:52','2026-04-24 05:45:49');
INSERT INTO team_members VALUES(4,'Mr David ','Electrical engineer','Support','Over 3years of experience ',NULL,4,'2026-04-23 07:39:37','2026-04-23 07:39:37');
INSERT INTO team_members VALUES(5,'Mr. Nana Cliff','Chief Security','Hospitality','over 5 years of Experience',NULL,3,'2026-04-23 07:41:22','2026-04-24 05:45:08');
CREATE TABLE IF NOT EXISTS "amenity_bookings" ("id" integer primary key autoincrement not null, "booking_id" integer not null, "amenity_id" integer not null, "price_at_booking" numeric not null, "quantity" integer not null default '1', "created_at" datetime, "updated_at" datetime, foreign key("booking_id") references "bookings"("id"), foreign key("amenity_id") references "amenities"("id"));
DELETE FROM sqlite_sequence;
INSERT INTO sqlite_sequence VALUES('migrations',17);
INSERT INTO sqlite_sequence VALUES('room_types',18);
INSERT INTO sqlite_sequence VALUES('galleries',12);
INSERT INTO sqlite_sequence VALUES('amenities',14);
INSERT INTO sqlite_sequence VALUES('rooms',16);
INSERT INTO sqlite_sequence VALUES('amenity_room',108);
INSERT INTO sqlite_sequence VALUES('guests',3);
INSERT INTO sqlite_sequence VALUES('bookings',3);
INSERT INTO sqlite_sequence VALUES('booking_room',7);
INSERT INTO sqlite_sequence VALUES('payments',2);
INSERT INTO sqlite_sequence VALUES('team_members',5);
CREATE UNIQUE INDEX "users_email_unique" on "users" ("email");
CREATE INDEX "sessions_user_id_index" on "sessions" ("user_id");
CREATE INDEX "sessions_last_activity_index" on "sessions" ("last_activity");
CREATE INDEX "cache_expiration_index" on "cache" ("expiration");
CREATE INDEX "cache_locks_expiration_index" on "cache_locks" ("expiration");
CREATE INDEX "jobs_queue_index" on "jobs" ("queue");
CREATE INDEX "personal_access_tokens_tokenable_type_tokenable_id_index" on "personal_access_tokens" ("tokenable_type", "tokenable_id");
CREATE UNIQUE INDEX "personal_access_tokens_token_unique" on "personal_access_tokens" ("token");
CREATE INDEX "personal_access_tokens_expires_at_index" on "personal_access_tokens" ("expires_at");
CREATE UNIQUE INDEX "bookings_booking_reference_unique" on "bookings" ("booking_reference");
CREATE UNIQUE INDEX "guests_email_unique" on "guests" ("email");
CREATE UNIQUE INDEX "rooms_room_number_unique" on "rooms" ("room_number");
COMMIT;
